<?xml version="1.0" encoding="UTF-8"?>
<featuremodels>
	<featuremodel name="stackswap">
		<feature>InputColumn(UPOSTAG, Stack[0])</feature>
		<feature>InputColumn(UPOSTAG, Stack[1])</feature>
		<feature>InputColumn(UPOSTAG, Stack[2])</feature>
		<feature>InputColumn(UPOSTAG, Input[0])</feature>
		<feature>InputColumn(UPOSTAG, Lookahead[0])</feature>
		<feature>InputColumn(UPOSTAG, Lookahead[1])</feature>
		<feature>InputColumn(UPOSTAG, Lookahead[2])</feature>
		<feature>OutputColumn(DEPREL, ldep(Stack[0]))</feature>
		<feature>OutputColumn(DEPREL, rdep(Stack[0]))</feature>
		<feature>OutputColumn(DEPREL, ldep(Stack[1]))</feature>
		<feature>OutputColumn(DEPREL, rdep(Stack[1]))</feature>
		<feature>InputColumn(FORM, Stack[0])</feature>
		<feature>InputColumn(FORM, Stack[1])</feature>
		<feature>InputColumn(FORM, Lookahead[0])</feature>
	</featuremodel>
</featuremodels>

